age;workclass;Income;education;marital status;occupation;gender;hours per week;native country
39;Self-emp-not-inc;327120;HS-grad;Married-civ-spouse;Craft-repair;Male;40;Portugal
32;Private;123253;Assoc-acdm;Married-civ-spouse;Craft-repair;Male;42;United-States
47;Private;232628;HS-grad;Married-civ-spouse;Craft-repair;Male;40;United-States
19;Private;374262;12th;Never-married;Handlers-cleaners;Male;20;United-States
46;Self-emp-not-inc;311231;HS-grad;Married-civ-spouse;Farming-fishing;Male;40;United-States
45;Private;148900;Bachelors;Married-civ-spouse;Prof-specialty;Male;50;United-States
34;Private;118786;Bachelors;Never-married;Sales;Male;20;United-States
38;Self-emp-inc;222532;Prof-school;Never-married;Sales;Female;45;United-States
40;Private;270147;Masters;Never-married;Exec-managerial;Female;40;United-States
47;Private;184005;HS-grad;Divorced;Exec-managerial;Female;45;United-States
35;Private;62333;Bachelors;Never-married;Prof-specialty;Female;40;United-States
23;Private;27073;Some-college;Never-married;Adm-clerical;Female;40;United-States
53;Private;158993;HS-grad;Widowed;Machine-op-inspct;Female;38;United-States
58;Self-emp-not-inc;605504;HS-grad;Married-civ-spouse;Sales;Male;40;United-States
47;Federal-gov;102771;Doctorate;Married-civ-spouse;Prof-specialty;Male;40;United-States
42;State-gov;160369;HS-grad;Never-married;Protective-serv;Male;40;United-States
41;Federal-gov;56236;HS-grad;Divorced;Protective-serv;Male;40;United-States
38;Local-gov;68781;Some-college;Married-civ-spouse;Protective-serv;Male;40;United-States
56;Private;159544;Masters;Married-civ-spouse;Prof-specialty;Male;60;United-States
48;State-gov;212954;Masters;Married-civ-spouse;Prof-specialty;Male;40;United-States
36;Private;199501;Some-college;Divorced;Exec-managerial;Female;38;United-States
40;Private;309311;HS-grad;Married-civ-spouse;Machine-op-inspct;Male;40;United-States
45;Self-emp-not-inc;33234;Bachelors;Married-civ-spouse;Sales;Male;40;United-States
40;State-gov;67874;Masters;Married-civ-spouse;Prof-specialty;Male;58;United-States
33;Private;857532;12th;Never-married;Protective-serv;Male;40;United-States
26;Private;172230;HS-grad;Never-married;Adm-clerical;Male;40;United-States
35;Self-emp-not-inc;153066;HS-grad;Married-civ-spouse;Craft-repair;Male;60;United-States
37;Private;172571;HS-grad;Divorced;Machine-op-inspct;Male;40;United-States
22;Private;216867;7th-8th;Married-civ-spouse;Machine-op-inspct;Male;40;Mexico
57;Private;169329;HS-grad;Married-civ-spouse;Tech-support;Male;40;Trinadad&Tobago
49;Private;34377;12th;Married-civ-spouse;Craft-repair;Male;40;United-States
38;Private;150057;Masters;Married-civ-spouse;Craft-repair;Male;50;Poland
24;Private;88095;Some-college;Never-married;Machine-op-inspct;Female;24;Mexico
27;Private;22422;Some-college;Never-married;Sales;Male;40;United-States
35;Self-emp-not-inc;190387;Bachelors;Married-civ-spouse;Farming-fishing;Male;45;United-States
25;Private;441210;HS-grad;Never-married;Prof-specialty;Male;40;United-States
38;Private;234298;Bachelors;Divorced;Exec-managerial;Male;60;United-States
47;Private;248059;Some-college;Married-civ-spouse;Other-service;Male;47;United-States
53;Private;193720;Some-college;Married-civ-spouse;Exec-managerial;Male;40;United-States
28;Self-emp-not-inc;33363;HS-grad;Married-civ-spouse;Farming-fishing;Male;70;United-States
42;Private;128354;Bachelors;Married-civ-spouse;Adm-clerical;Female;40;United-States
22;Private;141040;HS-grad;Never-married;Sales;Female;35;United-States
29;Private;89598;Bachelors;Married-civ-spouse;Exec-managerial;Female;35;United-States
26;Private;163747;Bachelors;Never-married;Sales;Female;55;United-States
58;Self-emp-inc;174864;HS-grad;Married-civ-spouse;Sales;Male;55;United-States
26;Private;375499;10th;Never-married;Adm-clerical;Male;20;United-States
28;Private;203784;Preschool;Never-married;Farming-fishing;Male;38;Mexico
30;Private;269723;Some-college;Never-married;Sales;Female;45;United-States
37;Local-gov;327120;Some-college;Married-civ-spouse;Transport-moving;Male;30;United-States
50;Private;148431;Masters;Married-civ-spouse;Exec-managerial;Male;55;United-States
24;Private;229826;Bachelors;Never-married;Transport-moving;Male;20;United-States
58;Private;259532;Some-college;Married-civ-spouse;Transport-moving;Male;70;United-States
38;Private;111398;Bachelors;Married-civ-spouse;Prof-specialty;Female;40;United-States
24;Private;121313;HS-grad;Married-civ-spouse;Adm-clerical;Male;40;United-States
30;Federal-gov;314310;Bachelors;Married-civ-spouse;Prof-specialty;Male;40;United-States
25;Private;385646;HS-grad;Never-married;Farming-fishing;Male;40;United-States
32;Local-gov;217296;HS-grad;Married-civ-spouse;Transport-moving;Female;22;United-States
24;Private;34568;Assoc-voc;Never-married;Transport-moving;Male;40;United-States
28;Private;188711;Bachelors;Never-married;Transport-moving;Male;20;United-States
33;Private;202191;Some-college;Never-married;Adm-clerical;Female;35;United-States
31;Private;66278;Some-college;Married-civ-spouse;Prof-specialty;Female;40;United-States
39;Private;140854;HS-grad;Never-married;Prof-specialty;Male;50;United-States
25;Private;242136;HS-grad;Divorced;Machine-op-inspct;Male;40;United-States
48;Private;187715;HS-grad;Married-civ-spouse;Craft-repair;Male;46;United-States
34;Private;150154;HS-grad;Never-married;Adm-clerical;Male;40;United-States
22;Private;58916;Some-college;Never-married;Adm-clerical;Female;30;United-States
20;Local-gov;188950;Some-college;Never-married;Protective-serv;Male;25;United-States
32;Private;113364;Bachelors;Never-married;Prof-specialty;Male;40;United-States
39;Self-emp-not-inc;597843;Masters;Never-married;Prof-specialty;Female;50;Columbia
45;Private;26781;HS-grad;Married-civ-spouse;Prof-specialty;Male;8;United-States
23;Private;213115;HS-grad;Never-married;Adm-clerical;Female;40;United-States
42;Private;180096;HS-grad;Married-civ-spouse;Handlers-cleaners;Male;60;United-States
35;Private;114765;Bachelors;Divorced;Sales;Female;40;United-States
65;Private;23580;Bachelors;Divorced;Adm-clerical;Female;40;United-States
33;Local-gov;368675;Some-college;Married-civ-spouse;Protective-serv;Male;40;United-States
39;Self-emp-not-inc;107302;Bachelors;Married-civ-spouse;Craft-repair;Male;35;United-States
44;Local-gov;174684;HS-grad;Divorced;Craft-repair;Male;40;United-States
36;Private;196662;Some-college;Never-married;Transport-moving;Male;50;Puerto-Rico
30;Local-gov;99502;Assoc-voc;Divorced;Protective-serv;Female;40;United-States
44;Private;96170;7th-8th;Married-civ-spouse;Transport-moving;Male;20;United-States
45;Self-emp-inc;208049;Assoc-acdm;Divorced;Exec-managerial;Female;40;United-States
58;Private;81038;Some-college;Married-civ-spouse;Sales;Male;12;United-States
23;State-gov;315449;Some-college;Never-married;Adm-clerical;Male;20;United-States
60;Private;135158;Some-college;Married-civ-spouse;Craft-repair;Male;48;United-States
71;Private;139031;HS-grad;Widowed;Prof-specialty;Female;40;United-States
46;Private;358533;Some-college;Married-civ-spouse;Protective-serv;Male;40;United-States
45;Private;34307;Bachelors;Divorced;Prof-specialty;Female;40;United-States
55;Private;227856;Bachelors;Married-civ-spouse;Exec-managerial;Male;60;United-States
33;Private;206707;HS-grad;Divorced;Craft-repair;Male;40;United-States
35;Private;107991;11th;Never-married;Sales;Male;45;United-States
46;Private;91608;Prof-school;Married-civ-spouse;Craft-repair;Male;40;United-States
19;Private;386378;Some-college;Never-married;Other-service;Male;20;United-States
47;Local-gov;218596;Assoc-voc;Divorced;Adm-clerical;Female;40;United-States
31;Local-gov;121055;HS-grad;Married-civ-spouse;Craft-repair;Male;70;United-States
62;Local-gov;242341;Some-college;Divorced;Prof-specialty;Male;40;United-States
34;Private;98101;7th-8th;Married-civ-spouse;Transport-moving;Male;40;United-States
37;Private;355856;Bachelors;Married-civ-spouse;Craft-repair;Male;40;Cambodia
44;Private;267790;9th;Never-married;Other-service;Female;40;United-States
46;Private;251474;Bachelors;Married-civ-spouse;Exec-managerial;Male;60;United-States
47;Private;246891;Bachelors;Married-civ-spouse;Sales;Male;45;United-States
63;Self-emp-not-inc;298249;Bachelors;Married-civ-spouse;Sales;Male;40;United-States
27;Local-gov;204098;HS-grad;Married-civ-spouse;Handlers-cleaners;Male;50;United-States
67;Private;220283;HS-grad;Divorced;Sales;Female;20;United-States
23;State-gov;191165;Some-college;Never-married;Protective-serv;Male;15;United-States
23;Private;82067;Some-college;Never-married;Craft-repair;Male;30;United-States
24;Private;324960;Assoc-acdm;Never-married;Adm-clerical;Male;30;United-States
22;Private;429346;HS-grad;Never-married;Adm-clerical;Male;40;United-States
30;Self-emp-not-inc;229741;HS-grad;Married-civ-spouse;Craft-repair;Male;40;United-States
25;Private;191782;11th;Never-married;Machine-op-inspct;Female;40;United-States
66;Private;344436;HS-grad;Widowed;Sales;Female;8;United-States
19;Private;118535;12th;Never-married;Sales;Female;18;United-States
38;Private;195686;Some-college;Married-civ-spouse;Craft-repair;Male;40;United-States
40;Private;77357;Prof-school;Married-civ-spouse;Prof-specialty;Male;40;United-States
73;Self-emp-inc;159691;Some-college;Divorced;Exec-managerial;Female;40;United-States
33;Private;280111;11th;Never-married;Adm-clerical;Female;38;United-States
43;Private;346189;Masters;Married-civ-spouse;Exec-managerial;Male;50;United-States
29;Private;237865;Masters;Never-married;Transport-moving;Male;40;United-States
41;Federal-gov;260761;Some-college;Married-civ-spouse;Exec-managerial;Male;40;United-States
34;State-gov;318982;Masters;Married-civ-spouse;Machine-op-inspct;Male;40;United-States
45;Private;151518;HS-grad;Married-civ-spouse;Exec-managerial;Male;45;United-States
36;Private;111128;HS-grad;Separated;Craft-repair;Male;40;United-States
33;Private;348152;Some-college;Never-married;Adm-clerical;Male;40;United-States
24;Private;353696;Some-college;Never-married;Other-service;Male;20;Canada
45;Private;38950;Bachelors;Never-married;Craft-repair;Male;40;United-States
34;Self-emp-not-inc;209768;HS-grad;Married-civ-spouse;Exec-managerial;Male;40;United-States
22;Private;41763;HS-grad;Married-civ-spouse;Sales;Male;42;United-States
49;Federal-gov;175428;Some-college;Married-civ-spouse;Adm-clerical;Male;40;United-States
37;Self-emp-inc;257295;Some-college;Married-civ-spouse;Exec-managerial;Male;75;Thailand
44;Federal-gov;306440;HS-grad;Divorced;Craft-repair;Male;40;United-States
47;Private;278900;HS-grad;Married-civ-spouse;Craft-repair;Male;40;United-States
36;Private;231082;Bachelors;Divorced;Prof-specialty;Female;50;United-States
28;Private;197484;HS-grad;Never-married;Handlers-cleaners;Male;40;United-States
33;Private;376483;Some-college;Divorced;Adm-clerical;Female;40;United-States
19;Private;229756;HS-grad;Never-married;Sales;Male;50;United-States
24;Private;140500;10th;Never-married;Sales;Female;40;United-States
30;Private;393965;Assoc-acdm;Divorced;Adm-clerical;Female;25;United-States
32;Private;250853;Assoc-voc;Divorced;Adm-clerical;Male;40;United-States
32;Private;344696;Some-college;Never-married;Machine-op-inspct;Female;40;United-States
65;Private;195695;HS-grad;Divorced;Adm-clerical;Female;40;United-States
32;Private;131584;HS-grad;Married-civ-spouse;Sales;Male;40;United-States
48;Private;162187;Bachelors;Married-civ-spouse;Exec-managerial;Male;48;United-States
31;Private;574005;Bachelors;Married-civ-spouse;Craft-repair;Male;44;United-States
23;Private;197613;Some-college;Never-married;Adm-clerical;Female;40;United-States
24;Private;199444;Bachelors;Never-married;Exec-managerial;Female;15;United-States
56;Local-gov;198277;12th;Never-married;Handlers-cleaners;Male;40;United-States
38;Self-emp-inc;308686;Bachelors;Married-civ-spouse;Prof-specialty;Male;70;United-States
19;Private;255176;HS-grad;Never-married;Adm-clerical;Female;20;United-States
25;Private;173212;Bachelors;Never-married;Prof-specialty;Male;40;United-States
39;Private;103456;Bachelors;Married-civ-spouse;Adm-clerical;Male;45;United-States
62;Private;291904;HS-grad;Divorced;Priv-house-serv;Female;20;United-States
37;Private;52870;Bachelors;Married-civ-spouse;Exec-managerial;Male;40;United-States
57;Self-emp-inc;172654;Prof-school;Married-civ-spouse;Transport-moving;Male;50;United-States
75;Private;186808;11th;Married-civ-spouse;Protective-serv;Male;50;United-States
50;Private;271262;HS-grad;Married-civ-spouse;Transport-moving;Male;40;United-States
25;Private;208591;HS-grad;Never-married;Machine-op-inspct;Male;40;United-States
49;Self-emp-not-inc;165229;Assoc-voc;Married-civ-spouse;Exec-managerial;Male;40;United-States
32;Self-emp-not-inc;151868;HS-grad;Married-civ-spouse;Farming-fishing;Male;65;United-States
28;Private;167737;Bachelors;Widowed;Other-service;Male;50;United-States
46;Self-emp-not-inc;131091;Bachelors;Married-civ-spouse;Sales;Male;40;United-States
33;Private;262439;HS-grad;Married-civ-spouse;Adm-clerical;Female;35;United-States
48;Private;99127;Assoc-acdm;Married-civ-spouse;Transport-moving;Male;45;United-States
52;Private;370552;Preschool;Married-civ-spouse;Machine-op-inspct;Male;40;El-Salvador
23;Local-gov;203353;Bachelors;Never-married;Prof-specialty;Female;45;United-States
57;Private;36091;HS-grad;Separated;Other-service;Female;40;United-States
31;Private;57151;Some-college;Never-married;Craft-repair;Male;40;United-States
44;Self-emp-not-inc;172479;HS-grad;Married-civ-spouse;Farming-fishing;Male;60;United-States
31;Self-emp-not-inc;206609;10th;Never-married;Transport-moving;Male;60;United-States
23;Private;124971;Some-college;Divorced;Adm-clerical;Male;40;United-States
28;Private;202222;Bachelors;Never-married;Sales;Male;40;United-States
54;Private;175262;7th-8th;Married-civ-spouse;Machine-op-inspct;Male;40;United-States
31;Private;225779;HS-grad;Never-married;Machine-op-inspct;Female;40;United-States
59;Private;100313;HS-grad;Married-civ-spouse;Exec-managerial;Male;40;United-States
34;Private;405713;Some-college;Divorced;Machine-op-inspct;Female;40;United-States
21;Local-gov;244074;HS-grad;Never-married;Other-service;Female;22;United-States
18;Private;77845;Some-college;Never-married;Adm-clerical;Male;15;United-States
43;Self-emp-not-inc;95246;Prof-school;Married-civ-spouse;Prof-specialty;Female;5;United-States
35;Self-emp-not-inc;280570;HS-grad;Married-civ-spouse;Exec-managerial;Male;35;United-States
30;Private;203488;HS-grad;Never-married;Craft-repair;Male;50;United-States
42;Local-gov;117227;Masters;Divorced;Prof-specialty;Female;45;United-States
40;Private;220563;12th;Divorced;Craft-repair;Male;40;United-States
48;Private;30289;10th;Married-civ-spouse;Craft-repair;Male;30;United-States
35;Self-emp-inc;99146;Assoc-voc;Married-civ-spouse;Craft-repair;Male;55;United-States
28;Private;308709;Bachelors;Never-married;Sales;Female;48;United-States
49;Self-emp-inc;191681;Some-college;Married-civ-spouse;Exec-managerial;Male;50;United-States
45;Private;176517;Assoc-acdm;Divorced;Prof-specialty;Female;50;United-States
21;Private;38772;Some-college;Never-married;Sales;Male;20;United-States
20;Private;421474;Some-college;Never-married;Sales;Male;20;United-States
30;Self-emp-inc;185384;Some-college;Married-civ-spouse;Exec-managerial;Female;25;United-States
49;Local-gov;46537;HS-grad;Divorced;Adm-clerical;Female;10;United-States
21;State-gov;204425;Some-college;Never-married;Exec-managerial;Female;20;United-States
27;Local-gov;131310;Some-college;Married-civ-spouse;Adm-clerical;Female;40;United-States
42;Self-emp-not-inc;54583;Bachelors;Divorced;Prof-specialty;Female;30;United-States
45;Private;102288;Some-college;Divorced;Adm-clerical;Female;40;United-States
48;Federal-gov;247043;HS-grad;Divorced;Adm-clerical;Male;40;United-States
55;Private;117477;11th;Married-spouse-absent;Other-service;Female;40;Jamaica
48;Private;196107;HS-grad;Divorced;Adm-clerical;Female;30;United-States
25;Private;176520;HS-grad;Never-married;Tech-support;Male;40;United-States
21;Private;170456;Some-college;Never-married;Other-service;Male;35;Italy
26;Private;89389;Some-college;Divorced;Prof-specialty;Female;40;United-States
28;Private;31778;Bachelors;Never-married;Handlers-cleaners;Male;40;United-States
49;Private;27802;Some-college;Married-civ-spouse;Craft-repair;Male;40;United-States
30;Private;363296;HS-grad;Never-married;Handlers-cleaners;Male;72;United-States
35;Private;170195;Some-college;Married-civ-spouse;Tech-support;Male;40;United-States
31;Private;227146;Bachelors;Married-civ-spouse;Sales;Male;55;United-States
47;Local-gov;272182;Some-college;Never-married;Adm-clerical;Male;40;United-States
30;Private;148524;HS-grad;Married-civ-spouse;Transport-moving;Male;40;United-States
54;Private;183611;Some-college;Married-civ-spouse;Sales;Male;50;United-States
22;Federal-gov;262819;Some-college;Never-married;Adm-clerical;Female;40;United-States
21;Private;54472;HS-grad;Never-married;Other-service;Female;40;United-States
20;Private;124751;Some-college;Never-married;Adm-clerical;Female;24;United-States
22;Private;442478;Some-college;Never-married;Sales;Male;20;United-States
41;Private;152617;HS-grad;Divorced;Exec-managerial;Female;40;United-States
30;Private;137606;HS-grad;Married-civ-spouse;Transport-moving;Male;40;United-States
50;Local-gov;173224;Masters;Married-civ-spouse;Prof-specialty;Female;40;United-States
31;Private;254304;10th;Divorced;Craft-repair;Male;38;United-States
23;Private;117606;Bachelors;Never-married;Prof-specialty;Female;40;United-States
44;Private;462838;HS-grad;Divorced;Handlers-cleaners;Female;48;United-States
38;State-gov;200904;10th;Separated;Adm-clerical;Female;40;United-States
27;Federal-gov;409815;Some-college;Divorced;Adm-clerical;Female;50;United-States
32;Private;158002;Some-college;Never-married;Machine-op-inspct;Male;55;Ecuador
48;Private;146497;Bachelors;Married-civ-spouse;Adm-clerical;Female;50;United-States
29;Self-emp-not-inc;109001;Some-college;Married-civ-spouse;Craft-repair;Male;35;United-States
46;Private;54985;HS-grad;Married-civ-spouse;Machine-op-inspct;Male;40;United-States
31;Self-emp-not-inc;283587;HS-grad;Married-civ-spouse;Exec-managerial;Male;50;United-States
46;Local-gov;303918;HS-grad;Married-civ-spouse;Protective-serv;Male;96;United-States
47;Local-gov;324791;Masters;Married-civ-spouse;Prof-specialty;Male;50;United-States
24;State-gov;165201;Some-college;Married-civ-spouse;Adm-clerical;Female;45;United-States
24;Local-gov;187397;Some-college;Never-married;Protective-serv;Male;40;United-States
20;Self-emp-inc;182200;HS-grad;Never-married;Machine-op-inspct;Female;30;United-States
30;Self-emp-inc;68330;Some-college;Married-civ-spouse;Sales;Male;50;United-States
45;Private;264526;Assoc-acdm;Divorced;Machine-op-inspct;Male;40;United-States
62;Private;114060;7th-8th;Married-civ-spouse;Protective-serv;Male;91;United-States
47;Federal-gov;98726;Bachelors;Married-spouse-absent;Exec-managerial;Female;40;United-States
30;Federal-gov;48458;Some-college;Never-married;Adm-clerical;Female;40;United-States
33;Private;180551;Some-college;Separated;Adm-clerical;Female;40;United-States
32;Private;63564;HS-grad;Never-married;Other-service;Female;40;United-States
45;State-gov;259087;Masters;Divorced;Prof-specialty;Female;45;United-States
21;Private;283969;HS-grad;Never-married;Craft-repair;Male;40;Mexico
33;Self-emp-not-inc;281030;HS-grad;Married-civ-spouse;Farming-fishing;Male;94;United-States
29;Private;196116;Prof-school;Divorced;Prof-specialty;Female;72;United-States
54;State-gov;187686;Some-college;Divorced;Adm-clerical;Female;38;United-States
36;Private;321274;Some-college;Married-civ-spouse;Craft-repair;Male;40;United-States
58;Private;190747;HS-grad;Married-civ-spouse;Machine-op-inspct;Male;40;United-States
25;Private;629900;Bachelors;Married-civ-spouse;Prof-specialty;Female;40;United-States
27;Private;706026;11th;Married-civ-spouse;Handlers-cleaners;Male;40;United-States
29;Self-emp-not-inc;132267;Assoc-acdm;Married-civ-spouse;Tech-support;Male;60;United-States
47;Private;129513;Bachelors;Married-civ-spouse;Exec-managerial;Male;60;United-States
35;Private;224889;Bachelors;Married-civ-spouse;Sales;Male;40;United-States
57;Private;109638;Some-college;Married-civ-spouse;Exec-managerial;Male;45;United-States
42;Private;197522;Some-college;Separated;Machine-op-inspct;Female;40;United-States
34;Private;185041;HS-grad;Never-married;Prof-specialty;Female;45;United-States
36;Private;154835;HS-grad;Separated;Adm-clerical;Female;40;Philippines
37;Private;186934;Bachelors;Married-civ-spouse;Prof-specialty;Male;40;United-States
31;Private;403468;Some-college;Separated;Other-service;Female;50;Mexico
42;Private;195124;7th-8th;Married-spouse-absent;Prof-specialty;Male;35;Puerto-Rico
40;Private;436493;HS-grad;Never-married;Other-service;Male;25;United-States
46;Federal-gov;344415;Masters;Married-civ-spouse;Armed-Forces;Male;40;United-States
44;Private;163215;12th;Divorced;Machine-op-inspct;Female;40;United-States
22;Private;237498;HS-grad;Never-married;Other-service;Male;40;United-States
45;Private;320192;1st-4th;Married-civ-spouse;Other-service;Female;40;United-States
47;Local-gov;47270;Assoc-acdm;Separated;Adm-clerical;Female;40;United-States
23;Local-gov;219122;Some-college;Never-married;Protective-serv;Male;40;United-States
22;Private;236684;Assoc-voc;Never-married;Other-service;Female;36;United-States
26;State-gov;158734;Masters;Never-married;Prof-specialty;Female;40;United-States
21;Private;137320;Some-college;Never-married;Adm-clerical;Male;20;United-States
66;Self-emp-not-inc;298834;Assoc-voc;Married-civ-spouse;Prof-specialty;Male;50;United-States
42;Private;227466;HS-grad;Never-married;Other-service;Male;40;United-States
41;Private;131591;HS-grad;Married-civ-spouse;Adm-clerical;Male;45;United-States
32;Private;125279;HS-grad;Divorced;Craft-repair;Male;99;United-States
45;Private;215620;HS-grad;Divorced;Transport-moving;Male;40;United-States
54;Private;307973;HS-grad;Married-civ-spouse;Handlers-cleaners;Male;40;United-States
26;Self-emp-not-inc;284343;Assoc-acdm;Never-married;Craft-repair;Male;40;United-States
42;Private;228456;Bachelors;Separated;Other-service;Male;50;United-States
31;Self-emp-inc;136402;Assoc-acdm;Married-civ-spouse;Sales;Male;40;United-States
39;Self-emp-not-inc;147850;HS-grad;Married-civ-spouse;Transport-moving;Male;30;United-States
33;Federal-gov;182714;Prof-school;Never-married;Prof-specialty;Female;65;United-States
31;Private;62932;HS-grad;Never-married;Craft-repair;Male;40;United-States
18;Private;436163;11th;Never-married;Prof-specialty;Male;20;United-States
23;Private;80680;Some-college;Married-civ-spouse;Sales;Female;16;United-States
27;Private;196044;Some-college;Married-civ-spouse;Craft-repair;Male;60;United-States
26;Private;239877;Bachelors;Never-married;Adm-clerical;Female;40;United-States
49;Local-gov;304246;Masters;Separated;Prof-specialty;Female;70;United-States
24;Private;172987;Bachelors;Married-civ-spouse;Tech-support;Male;50;United-States
56;Private;175127;HS-grad;Divorced;Craft-repair;Male;35;United-States
28;Private;139568;11th;Never-married;Adm-clerical;Male;40;United-States
31;Federal-gov;206857;HS-grad;Never-married;Adm-clerical;Female;40;United-States
37;Private;295949;HS-grad;Married-civ-spouse;Craft-repair;Male;40;United-States
23;Private;184589;Bachelors;Never-married;Prof-specialty;Female;21;United-States
73;Self-emp-not-inc;46514;HS-grad;Married-civ-spouse;Sales;Female;25;United-States
45;State-gov;252208;HS-grad;Separated;Adm-clerical;Female;40;United-States
35;Private;167990;9th;Married-civ-spouse;Machine-op-inspct;Male;40;Canada
59;Self-emp-not-inc;190997;10th;Married-civ-spouse;Exec-managerial;Male;36;United-States
31;Private;260782;Some-college;Married-civ-spouse;Transport-moving;Male;45;El-Salvador
31;Local-gov;220669;Bachelors;Never-married;Prof-specialty;Female;40;United-States
39;Private;156261;Some-college;Divorced;Adm-clerical;Female;38;United-States
70;Private;184176;HS-grad;Divorced;Other-service;Female;28;United-States
60;Self-emp-inc;123218;Some-college;Married-civ-spouse;Exec-managerial;Male;40;United-States
35;Private;199352;Prof-school;Married-civ-spouse;Prof-specialty;Male;80;United-States
56;Private;217775;HS-grad;Divorced;Transport-moving;Male;50;United-States
65;Private;178934;HS-grad;Widowed;Other-service;Female;20;Jamaica
30;Private;183801;HS-grad;Married-civ-spouse;Craft-repair;Male;40;United-States
45;Private;137604;Some-college;Never-married;Other-service;Male;40;United-States
40;Private;77975;HS-grad;Married-civ-spouse;Craft-repair;Male;40;United-States
39;Local-gov;178100;Masters;Divorced;Prof-specialty;Female;40;United-States
38;Federal-gov;178678;10th;Divorced;Adm-clerical;Female;50;United-States
21;Private;118712;HS-grad;Never-married;Craft-repair;Male;35;United-States
59;Federal-gov;99131;HS-grad;Never-married;Exec-managerial;Female;40;United-States
30;Federal-gov;68330;Bachelors;Never-married;Prof-specialty;Male;40;United-States
33;Private;26252;Assoc-acdm;Never-married;Other-service;Female;40;United-States
29;Private;413297;Assoc-acdm;Never-married;Sales;Male;45;Mexico
46;Private;164877;Some-college;Married-civ-spouse;Craft-repair;Male;44;United-States
40;Private;259307;Masters;Married-civ-spouse;Exec-managerial;Male;50;United-States
35;Self-emp-not-inc;348771;11th;Married-civ-spouse;Craft-repair;Male;36;United-States
38;Private;296212;Bachelors;Married-civ-spouse;Craft-repair;Male;45;United-States
32;Private;237582;Assoc-voc;Never-married;Prof-specialty;Female;38;United-States
52;Private;177366;HS-grad;Separated;Other-service;Female;20;United-States
62;Private;201928;HS-grad;Widowed;Craft-repair;Female;40;United-States
48;Private;199058;Masters;Married-civ-spouse;Exec-managerial;Male;40;United-States
37;Private;77820;Bachelors;Married-civ-spouse;Exec-managerial;Male;50;United-States
29;Private;109814;Bachelors;Never-married;Handlers-cleaners;Male;40;United-States
40;Private;178983;HS-grad;Married-civ-spouse;Adm-clerical;Female;30;United-States
60;Private;116707;Some-college;Married-civ-spouse;Sales;Male;40;United-States
90;Private;206667;Masters;Married-civ-spouse;Prof-specialty;Female;40;United-States
37;Private;278576;HS-grad;Married-civ-spouse;Machine-op-inspct;Male;60;United-States
37;Local-gov;144322;Assoc-voc;Never-married;Adm-clerical;Female;43;United-States
26;Private;395206;Some-college;Never-married;Transport-moving;Male;40;United-States
24;Local-gov;229005;Some-college;Never-married;Adm-clerical;Female;40;United-States
43;Private;168412;HS-grad;Married-civ-spouse;Sales;Female;44;Poland
46;Local-gov;354962;HS-grad;Married-civ-spouse;Machine-op-inspct;Male;40;United-States
18;Private;294263;HS-grad;Never-married;Sales;Female;9;United-States
55;Self-emp-not-inc;396878;Some-college;Married-civ-spouse;Exec-managerial;Male;25;United-States
23;Private;208908;Bachelors;Never-married;Other-service;Female;30;United-States
52;Local-gov;48413;HS-grad;Married-civ-spouse;Other-service;Male;40;United-States
25;Private;104662;HS-grad;Never-married;Other-service;Female;22;United-States
20;Private;159297;Some-college;Never-married;Adm-clerical;Female;15;United-States
25;Private;199545;HS-grad;Never-married;Sales;Female;35;United-States
25;Private;67222;Some-college;Never-married;Machine-op-inspct;Male;40;Philippines
39;Self-emp-not-inc;113749;9th;Married-civ-spouse;Craft-repair;Male;40;United-States
40;Private;197919;Assoc-acdm;Divorced;Sales;Female;40;United-States
62;Self-emp-not-inc;166894;HS-grad;Married-civ-spouse;Craft-repair;Male;60;United-States
21;Private;256504;HS-grad;Never-married;Other-service;Female;40;United-States
43;Self-emp-not-inc;350387;HS-grad;Married-civ-spouse;Craft-repair;Male;60;United-States
49;Private;348751;7th-8th;Married-civ-spouse;Machine-op-inspct;Male;40;United-States
36;Private;178487;HS-grad;Never-married;Transport-moving;Male;40;United-States
33;Local-gov;255058;Bachelors;Divorced;Prof-specialty;Male;40;United-States
62;Private;104849;Masters;Married-civ-spouse;Adm-clerical;Male;40;China
24;Self-emp-not-inc;161508;HS-grad;Never-married;Craft-repair;Male;50;United-States
22;Private;117210;Some-college;Never-married;Adm-clerical;Male;25;Greece
45;Private;175625;HS-grad;Separated;Adm-clerical;Female;38;United-States
55;Self-emp-not-inc;271795;HS-grad;Married-civ-spouse;Other-service;Male;40;United-States
50;Private;69345;HS-grad;Married-civ-spouse;Machine-op-inspct;Male;44;United-States
25;Private;177499;Bachelors;Never-married;Craft-repair;Male;35;United-States
21;Private;57711;HS-grad;Never-married;Other-service;Female;30;United-States
28;Self-emp-not-inc;175406;Masters;Married-civ-spouse;Exec-managerial;Female;30;United-States
32;Local-gov;87310;HS-grad;Married-civ-spouse;Other-service;Male;41;United-States
42;Self-emp-inc;377018;11th;Married-civ-spouse;Exec-managerial;Male;40;United-States
49;Private;230796;HS-grad;Divorced;Other-service;Female;40;United-States
62;Private;143943;Bachelors;Widowed;Tech-support;Female;7;United-States
17;Private;242718;11th;Never-married;Sales;Male;12;United-States
26;Private;274724;Some-college;Never-married;Other-service;Male;40;Nicaragua
21;Private;156807;HS-grad;Never-married;Other-service;Male;10;United-States
29;Local-gov;179681;HS-grad;Never-married;Transport-moving;Female;37;United-States
55;Private;116442;HS-grad;Never-married;Sales;Male;38;United-States
36;Local-gov;403681;Bachelors;Married-civ-spouse;Prof-specialty;Male;40;United-States
44;Self-emp-not-inc;179557;HS-grad;Married-civ-spouse;Exec-managerial;Male;45;United-States
34;Private;405386;Some-college;Never-married;Craft-repair;Male;28;United-States
30;Private;225053;HS-grad;Married-civ-spouse;Exec-managerial;Male;50;United-States
24;Private;373628;Bachelors;Never-married;Sales;Female;40;United-States
46;Private;59767;Some-college;Divorced;Sales;Male;50;United-States
26;Private;290286;HS-grad;Never-married;Craft-repair;Male;40;United-States
47;Private;398652;HS-grad;Married-civ-spouse;Sales;Male;50;United-States
27;Private;137645;Bachelors;Never-married;Sales;Female;40;United-States
64;Self-emp-inc;195366;Bachelors;Married-civ-spouse;Prof-specialty;Male;40;United-States
33;Private;251990;HS-grad;Separated;Adm-clerical;Male;37;United-States
39;Private;56648;HS-grad;Separated;Sales;Female;47;United-States
25;Private;192149;Bachelors;Never-married;Adm-clerical;Female;40;United-States
52;Private;175622;Assoc-voc;Divorced;Other-service;Female;40;United-States
36;Private;107302;HS-grad;Married-civ-spouse;Tech-support;Male;50;United-States
48;Private;199763;HS-grad;Married-civ-spouse;Prof-specialty;Female;8;United-States
43;Private;265072;Bachelors;Never-married;Prof-specialty;Male;50;United-States
56;Private;176118;HS-grad;Married-civ-spouse;Craft-repair;Male;40;United-States
34;Local-gov;231826;HS-grad;Married-civ-spouse;Prof-specialty;Male;40;El-Salvador
36;Private;219745;HS-grad;Separated;Craft-repair;Male;40;United-States
52;Private;203635;Bachelors;Married-civ-spouse;Exec-managerial;Male;65;United-States
31;Self-emp-inc;41493;Bachelors;Never-married;Farming-fishing;Female;45;United-States
23;Self-emp-not-inc;72143;Bachelors;Never-married;Exec-managerial;Female;40;United-States
46;Private;318259;Some-college;Separated;Tech-support;Female;55;United-States
29;State-gov;118520;HS-grad;Married-civ-spouse;Protective-serv;Male;42;United-States
26;Private;226288;Bachelors;Never-married;Adm-clerical;Male;40;United-States
32;Private;231263;Some-college;Married-civ-spouse;Machine-op-inspct;Male;50;United-States
41;Self-emp-inc;93227;Bachelors;Married-civ-spouse;Exec-managerial;Male;60;Taiwan
21;Private;438139;HS-grad;Never-married;Sales;Male;50;United-States
27;Private;104329;11th;Married-civ-spouse;Sales;Male;40;United-States
18;Private;83451;HS-grad;Never-married;Other-service;Female;30;United-States
59;Local-gov;130532;Some-college;Widowed;Other-service;Female;40;Poland
37;State-gov;224700;Assoc-voc;Divorced;Protective-serv;Male;40;United-States
54;Federal-gov;160636;HS-grad;Never-married;Adm-clerical;Female;40;Mexico
58;Private;27385;HS-grad;Married-civ-spouse;Exec-managerial;Male;60;United-States
41;Private;174575;HS-grad;Married-civ-spouse;Transport-moving;Male;45;United-States
26;Private;193945;Masters;Never-married;Exec-managerial;Male;60;United-States
20;Private;227778;Some-college;Never-married;Sales;Female;56;United-States
24;Private;205865;HS-grad;Never-married;Sales;Male;45;United-States
55;Private;255364;Some-college;Married-civ-spouse;Prof-specialty;Male;40;United-States
40;Private;353432;10th;Divorced;Machine-op-inspct;Female;35;United-States
63;Private;100099;9th;Married-civ-spouse;Transport-moving;Male;40;United-States
55;Self-emp-not-inc;147098;9th;Married-civ-spouse;Craft-repair;Male;50;United-States
21;Private;149809;HS-grad;Never-married;Farming-fishing;Male;24;United-States
30;Private;100135;Bachelors;Never-married;Sales;Female;40;United-States
23;Private;179413;HS-grad;Married-civ-spouse;Craft-repair;Male;40;United-States
39;Self-emp-not-inc;29874;HS-grad;Married-civ-spouse;Farming-fishing;Male;54;United-States
42;Private;200574;Some-college;Married-civ-spouse;Sales;Male;40;United-States
40;State-gov;377018;Bachelors;Married-civ-spouse;Prof-specialty;Male;60;United-States
37;Private;365465;HS-grad;Separated;Craft-repair;Male;70;Philippines
64;Private;43738;Doctorate;Widowed;Prof-specialty;Male;80;United-States
36;Self-emp-not-inc;127740;HS-grad;Married-civ-spouse;Exec-managerial;Male;99;United-States
30;Private;177596;Some-college;Never-married;Other-service;Female;36;United-States
33;Private;100228;Some-college;Never-married;Machine-op-inspct;Male;40;United-States
59;Private;200316;HS-grad;Married-civ-spouse;Craft-repair;Male;40;United-States
61;Self-emp-not-inc;268797;HS-grad;Married-civ-spouse;Other-service;Female;17;United-States
64;Private;181530;Prof-school;Married-civ-spouse;Prof-specialty;Male;40;United-States
24;Private;228686;Some-college;Never-married;Other-service;Male;45;United-States
25;Private;177625;HS-grad;Never-married;Machine-op-inspct;Male;40;United-States
59;Private;272087;HS-grad;Married-civ-spouse;Transport-moving;Male;40;United-States
35;Private;122353;HS-grad;Married-civ-spouse;Exec-managerial;Male;40;United-States
58;Self-emp-not-inc;98361;HS-grad;Married-civ-spouse;Craft-repair;Male;40;United-States
35;Private;342642;Masters;Married-spouse-absent;Protective-serv;Male;40;United-States
49;Private;32184;HS-grad;Divorced;Sales;Female;36;United-States
44;State-gov;128586;Bachelors;Never-married;Farming-fishing;Male;40;United-States
36;Self-emp-not-inc;184435;11th;Never-married;Transport-moving;Male;40;United-States
45;Local-gov;168191;HS-grad;Married-civ-spouse;Transport-moving;Male;40;United-States
42;Private;255847;HS-grad;Married-civ-spouse;Machine-op-inspct;Male;48;United-States
36;Self-emp-not-inc;219155;Some-college;Married-civ-spouse;Sales;Male;50;United-States
30;Private;328734;10th;Never-married;Machine-op-inspct;Female;40;United-States
53;Private;403121;HS-grad;Divorced;Adm-clerical;Female;30;United-States
38;Private;223433;HS-grad;Never-married;Machine-op-inspct;Male;40;United-States
21;Private;92898;HS-grad;Never-married;Adm-clerical;Female;40;United-States
42;Private;322385;Assoc-voc;Married-civ-spouse;Machine-op-inspct;Male;40;United-States
33;Private;169879;Bachelors;Married-civ-spouse;Prof-specialty;Male;47;United-States
24;Private;201680;Some-college;Never-married;Machine-op-inspct;Male;40;United-States
24;Private;36058;Bachelors;Never-married;Sales;Male;50;United-States
32;State-gov;111363;Prof-school;Married-civ-spouse;Prof-specialty;Male;75;United-States
21;Private;237651;Some-college;Never-married;Other-service;Male;35;United-States
36;Private;157184;HS-grad;Married-civ-spouse;Craft-repair;Male;40;United-States
44;Private;174325;Some-college;Married-civ-spouse;Craft-repair;Male;40;United-States
25;Private;197036;10th;Never-married;Craft-repair;Male;40;United-States
23;Private;65038;HS-grad;Never-married;Sales;Male;40;United-States
41;Private;219591;HS-grad;Never-married;Adm-clerical;Male;40;United-States
31;Private;373903;Bachelors;Married-civ-spouse;Adm-clerical;Male;40;United-States
24;Private;211345;Some-college;Never-married;Other-service;Female;40;Mexico
19;Private;188669;Some-college;Never-married;Sales;Female;25;United-States
18;Private;113814;HS-grad;Never-married;Farming-fishing;Male;40;United-States
46;Private;116635;Bachelors;Separated;Prof-specialty;Female;36;United-States
35;Private;152909;Bachelors;Married-civ-spouse;Exec-managerial;Male;45;United-States
28;Private;183523;Assoc-acdm;Never-married;Adm-clerical;Male;35;United-States
18;Private;183034;Some-college;Never-married;Sales;Male;35;United-States
53;Private;329222;Bachelors;Married-civ-spouse;Craft-repair;Male;40;Laos
38;Private;87556;Some-college;Married-civ-spouse;Craft-repair;Male;40;United-States
47;Self-emp-not-inc;62143;Masters;Married-civ-spouse;Exec-managerial;Female;40;United-States
52;Private;145409;Some-college;Married-civ-spouse;Transport-moving;Male;60;Canada
39;Private;163205;Bachelors;Separated;Prof-specialty;Male;50;United-States
34;Private;27565;Assoc-voc;Married-civ-spouse;Craft-repair;Female;27;United-States
31;Self-emp-not-inc;197193;HS-grad;Never-married;Other-service;Male;27;United-States
31;Private;208881;Some-college;Married-civ-spouse;Craft-repair;Male;40;United-States
45;Private;168556;Some-college;Divorced;Machine-op-inspct;Male;40;United-States
55;Local-gov;254949;HS-grad;Married-civ-spouse;Handlers-cleaners;Male;40;United-States
31;Private;329874;Some-college;Never-married;Adm-clerical;Male;40;United-States
38;Private;283122;HS-grad;Married-civ-spouse;Machine-op-inspct;Male;40;United-States
51;Private;302146;11th;Never-married;Other-service;Female;40;United-States
41;Private;247081;Some-college;Married-civ-spouse;Adm-clerical;Male;40;United-States
33;Private;34848;Some-college;Married-civ-spouse;Other-service;Male;40;United-States
28;Self-emp-not-inc;39388;Assoc-voc;Married-civ-spouse;Farming-fishing;Male;60;United-States
61;Private;280088;7th-8th;Divorced;Machine-op-inspct;Female;40;United-States
62;Private;136314;Some-college;Married-civ-spouse;Adm-clerical;Female;40;United-States
49;Self-emp-inc;34998;Some-college;Married-civ-spouse;Farming-fishing;Male;60;United-States
48;Private;207848;10th;Married-civ-spouse;Adm-clerical;Female;40;United-States
53;Private;242859;Some-college;Separated;Adm-clerical;Male;40;Cuba
29;Local-gov;181434;Bachelors;Married-civ-spouse;Prof-specialty;Male;40;United-States
43;Private;167151;Bachelors;Divorced;Prof-specialty;Female;60;United-States
40;Self-emp-inc;99185;Bachelors;Married-civ-spouse;Prof-specialty;Male;60;United-States
37;Private;97925;HS-grad;Divorced;Adm-clerical;Female;40;United-States
32;Private;294121;Assoc-voc;Divorced;Adm-clerical;Female;40;United-States
34;Private;199539;Assoc-voc;Married-civ-spouse;Craft-repair;Male;48;United-States
48;Private;285335;11th;Married-civ-spouse;Exec-managerial;Male;50;United-States
27;Self-emp-inc;120126;9th;Never-married;Craft-repair;Male;40;United-States
32;Private;321313;Masters;Never-married;Sales;Male;40;United-States
61;Self-emp-not-inc;96073;Prof-school;Married-civ-spouse;Prof-specialty;Male;50;England
38;Local-gov;189614;Some-college;Married-civ-spouse;Adm-clerical;Female;40;United-States
28;Private;115549;Some-college;Never-married;Machine-op-inspct;Male;60;United-States
69;Private;76939;HS-grad;Widowed;Exec-managerial;Female;40;United-States
42;Private;188615;Some-college;Separated;Prof-specialty;Male;50;Canada
30;Private;433325;10th;Married-civ-spouse;Craft-repair;Male;40;Mexico
17;Private;147069;11th;Never-married;Other-service;Female;16;United-States
23;State-gov;71996;Bachelors;Never-married;Adm-clerical;Female;52;United-States
31;Private;240771;Some-college;Married-civ-spouse;Craft-repair;Male;50;United-States
30;Private;374454;HS-grad;Divorced;Transport-moving;Male;40;United-States
48;Local-gov;24366;Assoc-voc;Married-civ-spouse;Protective-serv;Male;40;United-States
45;Self-emp-not-inc;277630;Some-college;Divorced;Exec-managerial;Male;48;United-States
30;Private;251825;Assoc-acdm;Never-married;Machine-op-inspct;Female;40;United-States
19;Private;163015;Some-college;Never-married;Sales;Female;20;United-States
41;Private;557349;HS-grad;Married-civ-spouse;Craft-repair;Male;40;United-States
24;Private;70261;HS-grad;Never-married;Other-service;Male;40;United-States
59;Private;162136;Some-college;Divorced;Machine-op-inspct;Male;56;United-States
50;Local-gov;258819;Some-college;Divorced;Protective-serv;Male;40;United-States
52;Private;123011;Some-college;Married-civ-spouse;Exec-managerial;Male;45;United-States
36;State-gov;166606;HS-grad;Married-civ-spouse;Protective-serv;Male;40;United-States
44;Private;228516;HS-grad;Never-married;Other-service;Male;20;Portugal
28;Private;269246;11th;Married-civ-spouse;Farming-fishing;Male;40;United-States
22;Private;189277;HS-grad;Never-married;Machine-op-inspct;Female;40;United-States
48;Private;125120;Some-college;Married-civ-spouse;Adm-clerical;Female;37;United-States
23;Private;152328;Some-college;Never-married;Exec-managerial;Male;40;United-States
35;Private;149347;Some-college;Married-civ-spouse;Craft-repair;Male;45;United-States
25;Private;259300;Bachelors;Never-married;Sales;Female;16;United-States
57;Private;477867;HS-grad;Married-civ-spouse;Transport-moving;Male;40;United-States
30;Private;191385;11th;Married-civ-spouse;Machine-op-inspct;Male;40;United-States
36;Private;113481;HS-grad;Divorced;Craft-repair;Male;40;United-States
27;Private;167336;Some-college;Never-married;Adm-clerical;Female;39;United-States
26;Local-gov;265230;Bachelors;Never-married;Prof-specialty;Female;40;United-States
26;Private;318934;10th;Married-civ-spouse;Handlers-cleaners;Male;40;United-States
58;Private;104476;Some-college;Separated;Adm-clerical;Female;40;United-States
48;State-gov;104542;Masters;Widowed;Prof-specialty;Female;40;United-States
48;Self-emp-inc;88564;Some-college;Divorced;Farming-fishing;Male;45;United-States
31;Private;303942;Some-college;Married-civ-spouse;Sales;Male;50;United-States
34;Private;96480;Some-college;Separated;Exec-managerial;Female;40;United-States
39;Private;365465;HS-grad;Married-civ-spouse;Craft-repair;Male;40;United-States
58;State-gov;259929;Doctorate;Never-married;Exec-managerial;Female;43;United-States
62;Private;202958;Some-college;Married-civ-spouse;Machine-op-inspct;Male;40;United-States
30;State-gov;137613;Masters;Married-civ-spouse;Prof-specialty;Male;17;Taiwan
68;Self-emp-not-inc;191517;Some-college;Widowed;Adm-clerical;Male;40;United-States
44;Local-gov;210527;Some-college;Never-married;Other-service;Female;40;United-States
43;Private;180138;HS-grad;Never-married;Craft-repair;Male;45;United-States
18;Private;80163;Some-college;Never-married;Sales;Female;20;United-States
57;Private;211678;10th;Divorced;Adm-clerical;Male;64;United-States
41;Private;149909;Bachelors;Married-civ-spouse;Sales;Male;50;United-States
49;Self-emp-inc;127111;HS-grad;Married-civ-spouse;Exec-managerial;Male;50;United-States
56;Private;157786;HS-grad;Married-civ-spouse;Transport-moving;Male;48;United-States
33;Local-gov;256529;HS-grad;Separated;Other-service;Female;80;United-States
51;Private;360131;5th-6th;Married-civ-spouse;Craft-repair;Female;40;United-States
34;Private;201156;11th;Never-married;Craft-repair;Female;30;United-States
51;Self-emp-inc;258735;HS-grad;Divorced;Protective-serv;Male;81;United-States
29;Private;178469;HS-grad;Never-married;Sales;Female;40;United-States
43;Self-emp-not-inc;311177;Some-college;Never-married;Transport-moving;Male;30;United-States
18;Private;301948;HS-grad;Never-married;Protective-serv;Male;3;United-States
40;Private;118001;HS-grad;Never-married;Handlers-cleaners;Male;40;United-States
74;Self-emp-inc;148003;Bachelors;Married-civ-spouse;Adm-clerical;Female;6;United-States
29;Private;212895;Assoc-acdm;Never-married;Craft-repair;Male;35;United-States
55;Private;61708;HS-grad;Married-civ-spouse;Adm-clerical;Male;50;United-States
48;Self-emp-inc;76482;Some-college;Married-civ-spouse;Farming-fishing;Male;50;United-States
34;Private;349169;Masters;Married-civ-spouse;Craft-repair;Male;40;Mexico
50;Private;99476;Masters;Divorced;Prof-specialty;Female;35;United-States
26;Private;57512;Assoc-voc;Never-married;Craft-repair;Male;48;United-States
25;Private;277444;Bachelors;Married-civ-spouse;Sales;Male;50;United-States
51;Local-gov;146181;9th;Married-civ-spouse;Transport-moving;Male;40;United-States
43;Private;334946;HS-grad;Married-civ-spouse;Handlers-cleaners;Male;40;United-States
36;Private;131766;Assoc-acdm;Never-married;Exec-managerial;Female;40;United-States
46;Federal-gov;371373;HS-grad;Divorced;Adm-clerical;Male;40;United-States
39;Self-emp-inc;163057;Some-college;Divorced;Craft-repair;Male;99;United-States
28;Self-emp-not-inc;204984;Bachelors;Never-married;Tech-support;Male;45;United-States
22;Federal-gov;146538;HS-grad;Never-married;Adm-clerical;Male;40;United-States
52;Private;177647;HS-grad;Divorced;Craft-repair;Male;47;United-States
37;Private;277022;HS-grad;Never-married;Handlers-cleaners;Female;40;Nicaragua
38;Private;343403;Assoc-acdm;Divorced;Adm-clerical;Female;16;United-States
53;Private;99476;HS-grad;Divorced;Other-service;Female;38;United-States
34;Private;261418;HS-grad;Married-civ-spouse;Other-service;Male;40;United-States
21;Private;113163;Some-college;Never-married;Adm-clerical;Male;50;United-States
24;Private;213427;HS-grad;Never-married;Adm-clerical;Male;40;United-States
51;Private;221532;Bachelors;Divorced;Exec-managerial;Male;40;United-States
41;Private;223763;HS-grad;Divorced;Craft-repair;Male;40;United-States
54;Private;123011;HS-grad;Married-civ-spouse;Machine-op-inspct;Male;40;Poland
66;Private;186324;Bachelors;Married-civ-spouse;Sales;Male;5;United-States
25;Private;311124;Prof-school;Never-married;Prof-specialty;Female;20;United-States
62;Private;416829;11th;Separated;Other-service;Female;21;United-States
50;Self-emp-inc;283676;Doctorate;Married-civ-spouse;Prof-specialty;Male;60;United-States
19;Private;41400;HS-grad;Never-married;Handlers-cleaners;Male;30;United-States
29;State-gov;187392;HS-grad;Never-married;Adm-clerical;Female;40;United-States
44;Private;106900;Masters;Married-civ-spouse;Sales;Male;50;United-States
44;Self-emp-not-inc;112507;5th-6th;Married-civ-spouse;Craft-repair;Male;40;United-States
35;Private;60135;10th;Married-civ-spouse;Other-service;Female;40;United-States
53;Self-emp-inc;167914;Assoc-acdm;Never-married;Exec-managerial;Male;50;United-States
62;Private;123582;10th;Divorced;Other-service;Female;40;United-States
52;Federal-gov;192386;Masters;Married-civ-spouse;Exec-managerial;Male;40;United-States
25;Private;176836;Some-college;Never-married;Exec-managerial;Female;60;United-States
36;Self-emp-not-inc;182898;Bachelors;Married-civ-spouse;Exec-managerial;Male;40;United-States
41;Self-emp-not-inc;178510;Bachelors;Divorced;Sales;Male;45;United-States
30;Local-gov;154548;Masters;Divorced;Prof-specialty;Female;65;United-States
35;Private;288158;HS-grad;Married-civ-spouse;Craft-repair;Male;40;United-States
53;Self-emp-not-inc;162576;7th-8th;Married-civ-spouse;Tech-support;Male;99;United-States
50;Private;196975;HS-grad;Married-civ-spouse;Craft-repair;Male;40;United-States
24;Private;161638;HS-grad;Married-civ-spouse;Machine-op-inspct;Female;40;Ecuador
28;Private;191088;HS-grad;Divorced;Other-service;Female;52;United-States
28;Private;67661;Some-college;Never-married;Adm-clerical;Female;40;United-States
32;Private;171215;Some-college;Divorced;Adm-clerical;Male;48;United-States
22;Private;355686;Some-college;Never-married;Adm-clerical;Female;40;United-States
20;Private;224640;Assoc-acdm;Never-married;Exec-managerial;Female;40;United-States
39;Federal-gov;149347;Masters;Never-married;Prof-specialty;Male;40;Poland
68;Private;182574;Some-college;Widowed;Adm-clerical;Female;29;United-States
30;Private;143766;Bachelors;Married-civ-spouse;Prof-specialty;Male;40;United-States
56;Local-gov;114231;10th;Widowed;Other-service;Female;25;United-States
45;Private;327886;Prof-school;Never-married;Prof-specialty;Male;40;United-States
30;Local-gov;264936;Bachelors;Separated;Prof-specialty;Female;40;United-States
24;Federal-gov;332194;9th;Never-married;Adm-clerical;Male;40;United-States
29;Private;370509;Bachelors;Married-civ-spouse;Exec-managerial;Male;50;France
28;Self-emp-not-inc;398918;Bachelors;Never-married;Prof-specialty;Male;50;United-States
37;Private;340614;Masters;Married-civ-spouse;Prof-specialty;Male;50;United-States
18;Private;335665;11th;Never-married;Other-service;Female;24;United-States
48;Federal-gov;50459;HS-grad;Divorced;Other-service;Male;40;United-States
23;Private;257683;Bachelors;Never-married;Prof-specialty;Male;40;United-States
63;Self-emp-not-inc;261995;Some-college;Married-civ-spouse;Exec-managerial;Male;40;United-States
36;Local-gov;113337;Some-college;Married-civ-spouse;Tech-support;Male;42;United-States
25;Self-emp-not-inc;21472;Some-college;Never-married;Other-service;Female;22;United-States
40;State-gov;114714;Doctorate;Married-civ-spouse;Exec-managerial;Male;40;Taiwan
53;State-gov;156877;HS-grad;Married-civ-spouse;Adm-clerical;Male;35;United-States
23;Private;208238;10th;Never-married;Sales;Female;20;United-States
25;Private;272167;Bachelors;Never-married;Adm-clerical;Male;30;United-States
35;Private;32528;Some-college;Married-civ-spouse;Machine-op-inspct;Male;40;United-States
57;Private;337001;Masters;Married-civ-spouse;Exec-managerial;Male;45;United-States
37;Self-emp-not-inc;348960;Assoc-acdm;Married-civ-spouse;Transport-moving;Male;50;United-States
70;Private;117464;HS-grad;Married-civ-spouse;Other-service;Male;16;United-States
27;Private;133696;Some-college;Married-civ-spouse;Prof-specialty;Male;88;United-States
50;Private;301024;Bachelors;Separated;Sales;Male;40;United-States
58;Private;126991;HS-grad;Divorced;Other-service;Female;20;United-States
36;Private;115336;Assoc-voc;Married-civ-spouse;Prof-specialty;Female;50;United-States
33;Private;237833;Some-college;Divorced;Tech-support;Female;40;United-States
49;Private;116927;Bachelors;Married-civ-spouse;Sales;Male;60;United-States
23;Local-gov;324960;HS-grad;Never-married;Farming-fishing;Male;40;Poland
59;Self-emp-not-inc;124771;Bachelors;Married-civ-spouse;Farming-fishing;Male;30;United-States
50;Local-gov;166423;HS-grad;Married-civ-spouse;Adm-clerical;Female;40;United-States
55;Private;234125;HS-grad;Married-civ-spouse;Other-service;Male;40;United-States
47;Self-emp-inc;156728;HS-grad;Married-civ-spouse;Sales;Male;55;United-States
55;Private;180497;Assoc-acdm;Divorced;Other-service;Female;52;United-States
57;Private;190997;Bachelors;Married-civ-spouse;Exec-managerial;Male;50;United-States
45;Private;249935;Bachelors;Married-civ-spouse;Farming-fishing;Male;60;United-States
37;Private;186934;HS-grad;Married-civ-spouse;Sales;Male;60;United-States
33;State-gov;173806;Masters;Never-married;Prof-specialty;Male;30;United-States
25;Private;213383;Some-college;Never-married;Handlers-cleaners;Male;40;United-States
27;Private;167737;12th;Never-married;Machine-op-inspct;Male;45;United-States
27;Private;128365;Bachelors;Never-married;Prof-specialty;Male;40;United-States
33;Private;114691;Bachelors;Married-civ-spouse;Sales;Male;60;United-States
40;Self-emp-inc;279914;Prof-school;Married-civ-spouse;Prof-specialty;Male;40;United-States
39;Private;115289;Assoc-acdm;Married-civ-spouse;Tech-support;Male;40;France
67;Self-emp-inc;411007;HS-grad;Widowed;Exec-managerial;Female;40;United-States
34;Private;204461;Doctorate;Married-civ-spouse;Prof-specialty;Male;60;United-States
30;Private;154587;HS-grad;Never-married;Other-service;Male;40;Puerto-Rico
21;Private;118693;Some-college;Never-married;Machine-op-inspct;Male;40;United-States
48;Private;65353;Assoc-voc;Married-civ-spouse;Craft-repair;Male;42;United-States
32;Private;171091;HS-grad;Married-civ-spouse;Transport-moving;Male;50;United-States
32;Private;79586;Bachelors;Married-civ-spouse;Prof-specialty;Male;40;India
37;Federal-gov;287031;Masters;Married-civ-spouse;Tech-support;Male;50;United-States
58;Private;147707;11th;Married-civ-spouse;Sales;Male;40;United-States
52;Private;155233;Some-college;Divorced;Adm-clerical;Female;40;United-States
50;Private;68898;Assoc-voc;Married-civ-spouse;Protective-serv;Male;40;United-States
23;Private;141427;Bachelors;Never-married;Exec-managerial;Female;40;United-States
61;Private;213321;Some-college;Married-civ-spouse;Exec-managerial;Male;40;United-States
51;Private;162745;HS-grad;Married-civ-spouse;Craft-repair;Male;50;United-States
40;Private;137142;HS-grad;Married-civ-spouse;Sales;Male;40;United-States
38;State-gov;34180;Some-college;Married-civ-spouse;Exec-managerial;Male;40;United-States
26;Private;182380;HS-grad;Divorced;Craft-repair;Male;40;United-States
59;Private;91384;Doctorate;Married-civ-spouse;Prof-specialty;Male;60;United-States
60;State-gov;234854;Doctorate;Married-civ-spouse;Prof-specialty;Male;40;United-States
30;Private;195488;HS-grad;Never-married;Priv-house-serv;Female;40;Guatemala
26;Private;288592;HS-grad;Never-married;Adm-clerical;Female;40;United-States
37;Private;176073;Some-college;Divorced;Craft-repair;Male;50;United-States
39;Private;190987;Assoc-voc;Divorced;Adm-clerical;Female;50;United-States
25;State-gov;117833;Some-college;Married-civ-spouse;Exec-managerial;Female;19;United-States
36;Self-emp-not-inc;164526;Masters;Never-married;Sales;Male;45;United-States
63;Self-emp-inc;110890;Masters;Divorced;Prof-specialty;Male;70;United-States
41;Private;228847;Some-college;Married-civ-spouse;Sales;Male;40;United-States
49;Self-emp-inc;44671;Assoc-acdm;Married-civ-spouse;Craft-repair;Male;40;United-States
66;Private;185336;HS-grad;Widowed;Sales;Female;35;United-States
21;Private;129350;Some-college;Never-married;Sales;Male;40;United-States
52;Local-gov;136175;Some-college;Married-civ-spouse;Protective-serv;Male;35;United-States
49;Private;107399;HS-grad;Separated;Sales;Female;40;United-States
46;Private;138370;7th-8th;Married-civ-spouse;Other-service;Male;40;China
26;Private;167848;HS-grad;Never-married;Machine-op-inspct;Male;40;United-States
45;Local-gov;318280;HS-grad;Widowed;Protective-serv;Male;40;United-States
23;Private;216811;HS-grad;Never-married;Machine-op-inspct;Female;16;United-States
45;Private;186256;HS-grad;Divorced;Craft-repair;Male;40;United-States
61;Federal-gov;160155;Some-college;Married-civ-spouse;Exec-managerial;Male;40;United-States
41;Private;210259;Some-college;Divorced;Adm-clerical;Female;37;United-States
27;Private;240809;Some-college;Never-married;Adm-clerical;Female;56;United-States
25;Private;224361;HS-grad;Never-married;Other-service;Male;40;United-States
82;Self-emp-not-inc;240491;HS-grad;Married-civ-spouse;Craft-repair;Male;40;Cuba
36;Private;77820;Some-college;Married-civ-spouse;Craft-repair;Male;40;United-States
55;Private;125000;Masters;Divorced;Exec-managerial;Male;40;United-States
23;Private;182117;Some-college;Never-married;Other-service;Male;40;United-States
53;Private;126368;Some-college;Never-married;Adm-clerical;Female;50;United-States
36;Local-gov;61778;HS-grad;Married-civ-spouse;Prof-specialty;Male;40;United-States
32;State-gov;253354;Masters;Married-civ-spouse;Prof-specialty;Male;50;United-States
41;Private;176069;HS-grad;Separated;Machine-op-inspct;Female;40;United-States
36;Private;68089;HS-grad;Never-married;Machine-op-inspct;Female;40;United-States
27;Private;330132;Bachelors;Married-civ-spouse;Tech-support;Female;40;United-States
34;Private;164190;Some-college;Married-civ-spouse;Prof-specialty;Male;38;United-States
37;Self-emp-not-inc;42044;Some-college;Married-civ-spouse;Farming-fishing;Male;84;United-States
47;Private;194772;Assoc-voc;Married-civ-spouse;Machine-op-inspct;Male;40;United-States
29;Private;277342;Some-college;Never-married;Transport-moving;Male;40;United-States
52;Private;224198;HS-grad;Divorced;Sales;Female;51;United-States
39;Private;226894;HS-grad;Married-civ-spouse;Handlers-cleaners;Male;40;United-States
65;Private;187493;Masters;Married-civ-spouse;Prof-specialty;Male;40;Germany
22;Private;38707;Some-college;Never-married;Other-service;Male;20;United-States
80;Self-emp-inc;120796;HS-grad;Married-civ-spouse;Exec-managerial;Male;40;United-States
52;Private;225317;5th-6th;Married-civ-spouse;Craft-repair;Male;40;Mexico
54;Local-gov;375134;Assoc-voc;Divorced;Craft-repair;Male;40;United-States
49;Private;248895;HS-grad;Married-civ-spouse;Machine-op-inspct;Male;45;United-States
42;Self-emp-inc;369781;7th-8th;Divorced;Craft-repair;Male;25;United-States
38;State-gov;318886;Bachelors;Married-civ-spouse;Protective-serv;Male;52;United-States
36;Private;34364;Assoc-acdm;Separated;Tech-support;Female;3;United-States
38;Self-emp-inc;148287;Masters;Married-civ-spouse;Exec-managerial;Male;60;United-States
46;Private;358886;HS-grad;Married-civ-spouse;Machine-op-inspct;Male;40;United-States
17;Private;286960;11th;Never-married;Prof-specialty;Male;40;United-States
29;Self-emp-inc;190450;HS-grad;Married-civ-spouse;Sales;Male;40;Germany
24;Private;181820;Some-college;Never-married;Farming-fishing;Male;45;United-States
36;Private;81896;Bachelors;Never-married;Prof-specialty;Female;45;United-States
58;Private;196643;HS-grad;Divorced;Sales;Female;15;United-States
30;Local-gov;183000;Masters;Married-civ-spouse;Prof-specialty;Male;45;United-States
45;State-gov;320818;Some-college;Married-spouse-absent;Other-service;Male;40;Haiti
25;Private;175382;HS-grad;Never-married;Adm-clerical;Male;45;United-States
71;Private;148003;Bachelors;Divorced;Sales;Female;38;United-States
21;Private;190761;10th;Married-civ-spouse;Farming-fishing;Male;70;United-States
25;Private;154210;11th;Married-spouse-absent;Sales;Male;35;India
44;Private;267717;Masters;Married-civ-spouse;Craft-repair;Male;45;United-States
39;Private;230329;HS-grad;Married-civ-spouse;Craft-repair;Male;35;United-States
68;Private;123653;5th-6th;Separated;Other-service;Male;12;Italy
18;Private;192409;12th;Never-married;Other-service;Female;25;United-States
23;Private;185106;HS-grad;Never-married;Handlers-cleaners;Male;40;United-States
25;Private;231638;HS-grad;Never-married;Adm-clerical;Female;40;United-States
46;Self-emp-inc;181413;Assoc-acdm;Married-civ-spouse;Exec-managerial;Female;40;United-States
26;Private;250038;Some-college;Married-civ-spouse;Adm-clerical;Male;40;United-States
42;Private;155972;HS-grad;Married-civ-spouse;Handlers-cleaners;Male;40;United-States
42;Private;29702;10th;Married-civ-spouse;Machine-op-inspct;Male;40;United-States
28;Self-emp-not-inc;35032;Bachelors;Never-married;Exec-managerial;Male;50;United-States
30;Private;119422;Assoc-voc;Married-civ-spouse;Transport-moving;Male;40;United-States
30;Private;258170;HS-grad;Divorced;Adm-clerical;Female;40;United-States
22;Private;220603;Some-college;Never-married;Sales;Female;25;United-States
19;Private;378114;HS-grad;Married-civ-spouse;Craft-repair;Male;25;United-States
31;Private;172304;Some-college;Married-civ-spouse;Craft-repair;Male;50;United-States
28;Private;215955;HS-grad;Married-civ-spouse;Craft-repair;Male;40;United-States
46;Private;119939;11th;Married-civ-spouse;Craft-repair;Male;40;United-States
44;Private;209174;Bachelors;Married-civ-spouse;Exec-managerial;Male;70;United-States
36;Private;300373;10th;Divorced;Machine-op-inspct;Female;40;United-States
42;Private;231832;Some-college;Married-civ-spouse;Machine-op-inspct;Female;45;United-States
50;Private;107265;HS-grad;Married-civ-spouse;Transport-moving;Male;50;United-States
48;Private;195491;HS-grad;Divorced;Sales;Female;30;United-States
31;Private;197860;HS-grad;Never-married;Other-service;Male;40;United-States
52;Self-emp-not-inc;77336;Assoc-voc;Married-civ-spouse;Craft-repair;Male;40;United-States
28;Self-emp-not-inc;107458;HS-grad;Never-married;Craft-repair;Male;45;United-States
51;Local-gov;176813;Assoc-acdm;Married-civ-spouse;Prof-specialty;Male;60;United-States
30;Private;169583;Bachelors;Married-AF-spouse;Exec-managerial;Female;40;United-States
18;Private;150817;12th;Never-married;Protective-serv;Female;45;United-States
58;State-gov;299680;Masters;Married-civ-spouse;Adm-clerical;Male;43;United-States
33;Private;220939;HS-grad;Married-civ-spouse;Sales;Male;45;United-States
38;Self-emp-inc;66687;HS-grad;Married-civ-spouse;Exec-managerial;Male;50;Portugal
64;Private;187601;Some-college;Widowed;Adm-clerical;Female;40;United-States
25;Private;108779;Masters;Separated;Other-service;Female;40;United-States
29;State-gov;303446;Bachelors;Married-civ-spouse;Prof-specialty;Male;25;Nicaragua
25;Private;109609;Some-college;Never-married;Other-service;Male;25;United-States
56;Private;67153;Doctorate;Married-civ-spouse;Exec-managerial;Male;60;United-States
29;State-gov;133846;Some-college;Never-married;Other-service;Female;40;United-States
54;Private;457237;Masters;Married-civ-spouse;Sales;Male;40;United-States
28;Private;73037;10th;Never-married;Transport-moving;Male;30;United-States
65;Federal-gov;44807;Some-college;Married-civ-spouse;Adm-clerical;Male;48;United-States
61;Self-emp-not-inc;127198;HS-grad;Married-civ-spouse;Craft-repair;Male;40;Germany
59;State-gov;109567;Some-college;Married-civ-spouse;Exec-managerial;Male;40;United-States
45;Private;170846;Assoc-voc;Married-civ-spouse;Exec-managerial;Female;40;United-States
49;Private;160187;9th;Married-spouse-absent;Other-service;Female;16;Jamaica
25;Private;120238;11th;Married-civ-spouse;Transport-moving;Male;40;Poland
43;Local-gov;143046;Some-college;Divorced;Other-service;Female;20;United-States
52;Private;204322;Assoc-voc;Married-civ-spouse;Tech-support;Male;40;United-States
33;Private;323619;Some-college;Never-married;Adm-clerical;Female;40;United-States
26;Private;177720;Assoc-acdm;Divorced;Prof-specialty;Female;45;United-States
31;Private;93106;Assoc-voc;Never-married;Adm-clerical;Female;40;United-States
26;Private;383306;12th;Married-civ-spouse;Craft-repair;Male;40;United-States
29;Self-emp-not-inc;33798;HS-grad;Married-civ-spouse;Transport-moving;Male;45;United-States
44;Private;129100;11th;Separated;Other-service;Female;60;United-States
51;Private;202752;HS-grad;Never-married;Craft-repair;Male;40;United-States
65;Local-gov;200764;HS-grad;Divorced;Adm-clerical;Female;16;United-States
39;Private;144169;HS-grad;Married-civ-spouse;Sales;Male;50;United-States
36;Private;175360;Masters;Never-married;Adm-clerical;Male;50;United-States
26;Self-emp-not-inc;109609;Some-college;Separated;Craft-repair;Male;30;United-States
44;Self-emp-not-inc;157217;Bachelors;Never-married;Sales;Male;42;United-States
31;Private;102270;7th-8th;Divorced;Machine-op-inspct;Female;40;United-States
30;Private;143766;Some-college;Never-married;Craft-repair;Male;40;United-States
67;Self-emp-not-inc;178878;7th-8th;Married-civ-spouse;Farming-fishing;Male;12;United-States
41;Private;106679;Masters;Never-married;Exec-managerial;Male;50;United-States
25;Private;213412;Some-college;Married-civ-spouse;Sales;Male;40;United-States
35;Local-gov;433602;HS-grad;Never-married;Sales;Male;38;United-States
24;Private;124242;HS-grad;Never-married;Adm-clerical;Female;40;United-States
36;State-gov;77146;Masters;Never-married;Prof-specialty;Male;40;United-States
20;Private;186014;HS-grad;Never-married;Other-service;Female;38;United-States
21;Private;77572;HS-grad;Never-married;Handlers-cleaners;Female;34;South
35;Private;465326;Bachelors;Married-civ-spouse;Sales;Male;40;United-States
37;Private;314963;Some-college;Married-civ-spouse;Machine-op-inspct;Male;40;United-States
51;Private;97180;HS-grad;Divorced;Other-service;Female;15;United-States
22;Self-emp-not-inc;199011;HS-grad;Never-married;Craft-repair;Male;20;United-States
29;Private;206351;Bachelors;Never-married;Prof-specialty;Male;40;United-States
59;Private;118358;HS-grad;Married-civ-spouse;Craft-repair;Male;40;United-States
38;Private;210438;HS-grad;Married-civ-spouse;Machine-op-inspct;Male;40;United-States
35;Local-gov;160728;Masters;Married-civ-spouse;Prof-specialty;Male;45;United-States
32;Private;211349;10th;Married-civ-spouse;Transport-moving;Male;40;United-States
31;Private;113364;Assoc-acdm;Married-civ-spouse;Machine-op-inspct;Male;55;United-States
53;Private;47396;HS-grad;Married-civ-spouse;Craft-repair;Male;40;United-States
33;Private;243266;Masters;Married-civ-spouse;Exec-managerial;Male;40;Dominican-Republic
59;Private;194290;HS-grad;Married-civ-spouse;Farming-fishing;Male;48;United-States
45;Local-gov;37306;Bachelors;Married-civ-spouse;Prof-specialty;Male;45;United-States
65;State-gov;215908;HS-grad;Married-civ-spouse;Adm-clerical;Male;40;United-States
46;Private;171199;Bachelors;Divorced;Machine-op-inspct;Female;40;Puerto-Rico
23;Private;234663;HS-grad;Never-married;Machine-op-inspct;Male;40;United-States
60;Self-emp-not-inc;52900;HS-grad;Married-civ-spouse;Craft-repair;Male;42;United-States
22;Local-gov;289982;Bachelors;Never-married;Prof-specialty;Female;35;United-States
25;Private;632834;HS-grad;Never-married;Craft-repair;Male;40;United-States
48;Private;207540;Bachelors;Never-married;Craft-repair;Male;60;United-States
48;Private;75619;HS-grad;Divorced;Transport-moving;Male;60;United-States
39;State-gov;141420;Some-college;Married-civ-spouse;Protective-serv;Male;40;United-States
23;Private;311376;Assoc-voc;Never-married;Adm-clerical;Female;40;United-States
26;Private;414916;HS-grad;Never-married;Tech-support;Male;40;United-States
28;Private;129814;Some-college;Separated;Craft-repair;Male;50;United-States
53;Private;68684;HS-grad;Married-civ-spouse;Transport-moving;Male;40;United-States
25;Private;116044;HS-grad;Never-married;Tech-support;Male;40;United-States
45;Private;190115;Assoc-acdm;Divorced;Exec-managerial;Male;40;United-States
57;Federal-gov;135028;HS-grad;Separated;Adm-clerical;Female;35;United-States
46;Private;195023;HS-grad;Married-spouse-absent;Machine-op-inspct;Female;40;Columbia
31;Private;118551;9th;Divorced;Adm-clerical;Female;40;United-States
47;Private;849067;12th;Divorced;Handlers-cleaners;Male;40;United-States
59;Local-gov;196013;Bachelors;Married-civ-spouse;Prof-specialty;Male;40;United-States
56;State-gov;270859;Bachelors;Married-civ-spouse;Prof-specialty;Male;48;United-States
24;Private;300008;HS-grad;Married-civ-spouse;Adm-clerical;Female;40;United-States
62;Private;88579;HS-grad;Never-married;Adm-clerical;Female;38;United-States
38;Private;40955;Bachelors;Married-civ-spouse;Prof-specialty;Male;40;England
42;Private;98211;Bachelors;Married-civ-spouse;Exec-managerial;Male;45;United-States
31;Private;256609;HS-grad;Married-spouse-absent;Handlers-cleaners;Male;40;Mexico
26;Self-emp-not-inc;102476;HS-grad;Never-married;Craft-repair;Male;50;United-States
48;Private;107373;10th;Married-civ-spouse;Transport-moving;Male;40;United-States
26;Private;151551;Some-college;Separated;Sales;Male;48;United-States
36;Self-emp-inc;192251;Some-college;Married-civ-spouse;Sales;Female;15;United-States
40;Private;69730;HS-grad;Divorced;Exec-managerial;Female;40;United-States
28;Private;122540;10th;Divorced;Handlers-cleaners;Male;40;United-States
28;Private;155621;5th-6th;Never-married;Craft-repair;Male;40;Columbia
41;Private;201981;HS-grad;Divorced;Craft-repair;Male;40;United-States
51;State-gov;94174;Some-college;Divorced;Adm-clerical;Female;35;United-States
45;Local-gov;185399;Masters;Divorced;Prof-specialty;Female;55;United-States
32;Private;180871;11th;Married-civ-spouse;Craft-repair;Male;40;United-States
39;Private;229647;Bachelors;Never-married;Tech-support;Female;40;United-States
28;Private;263128;Some-college;Never-married;Adm-clerical;Female;60;United-States
25;Private;164488;Assoc-acdm;Never-married;Exec-managerial;Male;45;United-States
46;Self-emp-inc;168796;Bachelors;Married-civ-spouse;Sales;Male;55;United-States
45;Self-emp-not-inc;114396;Bachelors;Divorced;Prof-specialty;Male;35;United-States
58;Self-emp-not-inc;112076;Doctorate;Married-AF-spouse;Exec-managerial;Female;35;United-States
39;Private;247733;HS-grad;Divorced;Priv-house-serv;Female;16;United-States
40;Private;98466;11th;Married-civ-spouse;Craft-repair;Male;50;United-States
48;Private;216999;HS-grad;Married-civ-spouse;Craft-repair;Male;40;United-States
29;Private;142760;HS-grad;Never-married;Handlers-cleaners;Male;40;United-States
60;Private;238913;Bachelors;Married-civ-spouse;Sales;Male;46;United-States
54;Private;311020;HS-grad;Married-civ-spouse;Other-service;Male;50;United-States
39;Private;144638;Masters;Divorced;Prof-specialty;Female;45;United-States
18;Private;198614;11th;Never-married;Sales;Female;8;United-States
64;Private;210082;HS-grad;Widowed;Adm-clerical;Female;40;United-States
41;Self-emp-inc;153078;HS-grad;Married-civ-spouse;Exec-managerial;Male;70;South
25;Private;197303;Bachelors;Never-married;Prof-specialty;Female;40;United-States
21;Private;306114;HS-grad;Never-married;Other-service;Male;35;United-States
23;Private;368739;Bachelors;Never-married;Adm-clerical;Female;40;United-States
56;Federal-gov;156229;Bachelors;Married-civ-spouse;Exec-managerial;Male;40;United-States
26;Private;306225;Bachelors;Never-married;Exec-managerial;Female;40;Poland
39;State-gov;144860;Bachelors;Married-civ-spouse;Exec-managerial;Male;40;United-States
35;Self-emp-not-inc;98360;Bachelors;Married-civ-spouse;Prof-specialty;Male;40;United-States
53;Private;68898;Some-college;Married-civ-spouse;Tech-support;Male;40;United-States
40;Private;109217;11th;Married-civ-spouse;Craft-repair;Male;45;Mexico
37;Private;171150;HS-grad;Married-civ-spouse;Exec-managerial;Male;50;United-States
35;Private;295939;HS-grad;Married-civ-spouse;Machine-op-inspct;Male;40;United-States
43;Private;75742;Some-college;Married-civ-spouse;Transport-moving;Male;45;United-States
21;Private;231931;Some-college;Never-married;Sales;Male;45;United-States
25;Private;193820;Bachelors;Never-married;Sales;Female;40;United-States
41;Private;69333;HS-grad;Married-civ-spouse;Craft-repair;Male;45;United-States
28;Private;113922;HS-grad;Separated;Transport-moving;Female;17;United-States
47;Self-emp-inc;337050;Some-college;Married-civ-spouse;Farming-fishing;Male;40;United-States
19;Private;318822;11th;Never-married;Priv-house-serv;Female;35;United-States
25;Private;121102;Assoc-acdm;Never-married;Tech-support;Female;30;United-States
36;Private;135293;Masters;Separated;Exec-managerial;Female;50;United-States
29;Private;86613;1st-4th;Never-married;Other-service;Male;20;El-Salvador
67;Self-emp-not-inc;36876;HS-grad;Married-civ-spouse;Farming-fishing;Male;55;United-States
53;Self-emp-not-inc;145419;1st-4th;Married-civ-spouse;Exec-managerial;Male;67;Italy
67;Private;140849;HS-grad;Widowed;Other-service;Female;24;United-States
20;Private;83141;HS-grad;Never-married;Machine-op-inspct;Male;53;United-States
26;Private;159732;HS-grad;Never-married;Machine-op-inspct;Male;52;United-States
43;Private;169383;Bachelors;Married-civ-spouse;Exec-managerial;Male;45;United-States
26;Private;269060;HS-grad;Never-married;Adm-clerical;Female;40;United-States
25;Private;316688;HS-grad;Never-married;Machine-op-inspct;Male;40;United-States
34;Private;177596;Assoc-voc;Married-civ-spouse;Exec-managerial;Female;40;Puerto-Rico
59;Self-emp-inc;170993;Prof-school;Divorced;Prof-specialty;Male;40;United-States
30;Private;231263;HS-grad;Married-civ-spouse;Sales;Male;40;United-States
34;Private;181372;11th;Married-civ-spouse;Other-service;Female;23;United-States
24;Private;216129;HS-grad;Never-married;Craft-repair;Male;50;United-States
25;Self-emp-not-inc;463667;HS-grad;Never-married;Other-service;Male;8;United-States
34;Self-emp-not-inc;34572;Assoc-voc;Married-civ-spouse;Exec-managerial;Male;60;United-States
55;Self-emp-not-inc;183580;Masters;Divorced;Exec-managerial;Male;45;United-States
67;Private;236627;Bachelors;Married-civ-spouse;Prof-specialty;Male;2;United-States
39;Private;115289;Some-college;Divorced;Sales;Male;70;United-States
27;Private;302406;Masters;Married-civ-spouse;Prof-specialty;Male;55;United-States
17;Private;218124;11th;Never-married;Sales;Female;20;United-States
24;Private;127139;Some-college;Never-married;Adm-clerical;Female;40;United-States
35;Private;132879;Some-college;Married-civ-spouse;Tech-support;Male;40;United-States
37;Local-gov;44694;Masters;Married-civ-spouse;Prof-specialty;Female;45;United-States
